Reddit,Recommendation,Content
0.6666666666666666,0.6666666666666666,0.6
0.8,0.7272727272727272,0.25
0.8571428571428571,0.75,0.36363636363636365
1.0,1.0,0.5454545454545454
0.923076923076923,0.7142857142857143,0.42857142857142855
0.9090909090909091,0.7692307692307692,0.5454545454545454
0.923076923076923,1.0,0.8
0.7692307692307692,0.8333333333333333,0.5714285714285714
0.8333333333333333,0.6666666666666666,0.6153846153846153
0.8333333333333333,0.8333333333333333,0.5454545454545454
0.923076923076923,1.0,0.8
0.6666666666666666,0.6666666666666666,0.5
0.8571428571428571,0.8750000000000001,0.5454545454545454
0.923076923076923,0.6153846153846153,0.6666666666666666
0.8333333333333333,0.8333333333333333,0.22222222222222224
0.9090909090909091,0.9090909090909091,0.4444444444444444
0.923076923076923,1.0,0.8
0.6,0.6,0.5
0.923076923076923,0.8333333333333333,0.22222222222222224
0.923076923076923,0.7692307692307692,0.4615384615384615
0.8,0.9090909090909091,0.6666666666666666
0.8333333333333334,0.7272727272727272,0.6666666666666666
0.923076923076923,0.8333333333333333,0.36363636363636365
0.923076923076923,0.923076923076923,0.5454545454545454
0.923076923076923,0.7142857142857143,0.5714285714285714
0.8571428571428571,0.8333333333333334,0.5
0.6666666666666666,0.8,0.5454545454545454
0.923076923076923,0.8571428571428571,0.8571428571428571
0.8571428571428571,0.8571428571428571,0.4444444444444445
0.8333333333333333,0.7272727272727273,0.25
0.8,0.6153846153846153,0.6666666666666666
0.8333333333333334,0.9090909090909091,0.2222222222222222
0.9333333333333333,0.923076923076923,0.36363636363636365
0.8333333333333333,0.8333333333333333,0.6153846153846153
0.8333333333333333,0.7692307692307692,0.6666666666666666
0.9090909090909091,1.0,0.25
0.6,0.6666666666666666,0.4444444444444444
0.923076923076923,0.923076923076923,0.7692307692307692
0.8571428571428571,0.923076923076923,0.5454545454545454
0.923076923076923,0.7692307692307692,0.3333333333333333
0.8,0.5714285714285715,0.5333333333333333
0.9090909090909091,0.9090909090909091,0.6153846153846153
0.8571428571428571,0.8333333333333333,0.7272727272727273
0.7692307692307692,0.8333333333333333,0.6666666666666666
0.923076923076923,0.923076923076923,0.5
0.9090909090909091,0.7272727272727272,0.4444444444444444
0.8333333333333334,0.8,0.6153846153846153
0.923076923076923,0.75,0.2
0.7272727272727273,0.7272727272727273,0.4
0.9333333333333333,0.923076923076923,0.8571428571428571
0.8,0.6,0.25
0.8,0.8,0.7272727272727272
1.0,0.8571428571428571,0.5454545454545454
0.8571428571428571,0.7692307692307692,0.5714285714285714
0.923076923076923,0.7692307692307692,0.8333333333333333
0.923076923076923,0.8571428571428571,0.5454545454545454
0.9090909090909091,0.8333333333333334,0.6
0.8333333333333333,0.6666666666666666,0.2
0.7692307692307692,0.8333333333333333,0.25
0.7692307692307692,0.8333333333333333,0.5454545454545454
0.6666666666666666,0.7272727272727272,0.6666666666666666
0.923076923076923,0.8333333333333334,0.6666666666666666
0.7692307692307692,0.7692307692307692,0.6153846153846153
1.0,1.0,0.8333333333333333
0.8571428571428571,0.8333333333333333,0.22222222222222224
0.8333333333333334,0.8333333333333334,0.4
0.9090909090909091,0.7272727272727272,0.5
0.7272727272727273,0.8333333333333333,0.4444444444444445
0.7692307692307692,0.8333333333333333,0.6
0.8571428571428571,0.8333333333333333,0.5454545454545454
1.0,0.8,0.2222222222222222
0.8333333333333334,0.9090909090909091,0.6666666666666666
0.7272727272727273,0.7272727272727273,0.7692307692307692
1.0,1.0,0.36363636363636365
0.7692307692307692,0.7692307692307692,0.6
0.9090909090909091,0.923076923076923,0.5454545454545454
0.9090909090909091,0.7142857142857143,0.6
0.7692307692307692,0.6153846153846153,0.0
0.6666666666666666,0.7272727272727273,0.5454545454545454
0.923076923076923,0.8333333333333333,0.6666666666666666
0.8571428571428571,1.0,0.5
0.6666666666666666,0.5,0.4444444444444444
0.9333333333333333,0.923076923076923,0.6153846153846153
0.8333333333333333,0.8333333333333333,0.6153846153846153
0.8333333333333333,0.8333333333333333,0.5
0.7272727272727272,0.8,0.5
1.0,1.0,0.5333333333333333
0.8333333333333333,0.7692307692307692,0.4
0.8571428571428571,1.0,0.7272727272727273
0.923076923076923,0.6666666666666666,0.4444444444444445
0.8333333333333334,0.9090909090909091,0.4444444444444444
0.9090909090909091,0.9090909090909091,0.6153846153846153
0.923076923076923,0.8333333333333333,0.25
0.8333333333333333,0.7272727272727273,0.6
0.8333333333333333,0.8333333333333333,0.4615384615384615
0.8333333333333334,0.8333333333333334,0.8
0.9090909090909091,0.9090909090909091,0.3333333333333333
0.923076923076923,0.7142857142857143,0.5714285714285714
0.923076923076923,0.8333333333333333,0.5454545454545454
0.6666666666666666,0.7272727272727273,0.7692307692307692
0.7272727272727272,0.5,0.25
0.9090909090909091,0.9090909090909091,0.6666666666666666
0.6,0.6666666666666666,0.4
1.0,0.8750000000000001,0.42857142857142855
1.0,1.0,0.7692307692307692
0.8333333333333334,0.8333333333333334,0.6153846153846153
0.7692307692307692,0.9090909090909091,0.2222222222222222
0.7142857142857143,0.7272727272727273,0.18181818181818182
0.8333333333333333,0.923076923076923,0.5454545454545454
0.923076923076923,0.923076923076923,0.7272727272727273
0.8333333333333334,0.7272727272727272,0.7272727272727272
0.6666666666666667,0.7692307692307692,0.4444444444444444
0.923076923076923,0.8333333333333333,0.3333333333333333
0.8333333333333333,0.8333333333333333,0.5454545454545454
0.7272727272727273,0.8333333333333333,0.7272727272727273
0.8,0.8,0.6
0.9090909090909091,0.8333333333333334,0.6666666666666666
0.923076923076923,0.923076923076923,0.0
0.7692307692307692,0.7272727272727273,0.5
0.8571428571428571,0.8571428571428571,0.6153846153846153
0.8,0.6666666666666666,0.4
0.9090909090909091,0.8333333333333334,0.5454545454545454
0.5454545454545454,0.7272727272727273,0.22222222222222224
1.0,0.8750000000000001,0.7142857142857143
0.923076923076923,0.7692307692307692,0.6153846153846153
0.8,0.8333333333333334,0.8
0.7272727272727272,0.8,0.2
1.0,0.923076923076923,0.6153846153846153
1.0,0.9333333333333333,0.8571428571428571
0.7272727272727273,0.7272727272727273,0.4444444444444445
0.8333333333333334,0.8,0.6
0.9090909090909091,0.9090909090909091,0.8333333333333334
0.8333333333333333,0.5454545454545454,0.4615384615384615
0.8571428571428571,0.923076923076923,0.5454545454545454
0.8333333333333333,0.8333333333333333,0.4
0.9090909090909091,0.7272727272727272,0.2222222222222222
0.6666666666666666,0.6,0.6
0.8571428571428571,0.923076923076923,0.6153846153846153
0.923076923076923,0.923076923076923,0.6666666666666666
0.923076923076923,0.8333333333333333,0.4
0.6666666666666666,0.5714285714285715,0.30769230769230765
0.923076923076923,0.8,0.5
0.8333333333333333,0.6,0.4
0.8571428571428571,0.923076923076923,0.5454545454545454
1.0,1.0,0.7272727272727273
0.923076923076923,0.8571428571428571,0.6
0.9090909090909091,0.7272727272727272,0.5454545454545454
0.6666666666666666,0.6,0.8333333333333333
0.8333333333333333,0.8333333333333333,0.4444444444444445
0.923076923076923,0.923076923076923,0.7272727272727273
0.9090909090909091,0.9090909090909091,0.7272727272727272
0.9090909090909091,0.9090909090909091,0.6
0.7272727272727273,0.6,0.6
0.8571428571428571,0.6153846153846153,0.2857142857142857
1.0,1.0,0.8333333333333333
0.8,0.8,0.2222222222222222
0.7272727272727272,0.8,0.4
0.5454545454545454,0.7272727272727273,0.2
1.0,1.0,0.7692307692307692
0.923076923076923,0.8333333333333333,0.6
1.0,0.9090909090909091,0.4444444444444444
0.6,0.6666666666666666,0.8
1.0,0.9333333333333333,0.2
0.923076923076923,0.8333333333333333,0.4444444444444445
0.7272727272727273,0.7692307692307692,0.5333333333333333
0.8,0.8,0.5454545454545454
0.923076923076923,0.5714285714285715,0.3636363636363636
1.0,1.0,0.8333333333333333
0.7692307692307692,0.8333333333333333,0.5454545454545454
0.5454545454545454,0.7272727272727273,0.6
1.0,1.0,0.6666666666666666
0.8333333333333334,0.9090909090909091,0.6153846153846153
1.0,1.0,0.8333333333333333
0.923076923076923,0.8571428571428571,0.36363636363636365
0.4,0.4444444444444445,0.30769230769230765
0.923076923076923,0.7692307692307692,0.8
0.9090909090909091,0.8333333333333334,0.3636363636363636
0.923076923076923,0.7692307692307692,0.6
1.0,0.923076923076923,0.6
0.6,0.5454545454545454,0.4
0.8,0.8,0.4
0.7272727272727272,0.8,0.5
0.8571428571428571,0.923076923076923,0.6666666666666666
0.923076923076923,0.8333333333333333,0.6666666666666666
0.8571428571428571,0.8333333333333333,0.4
0.8,0.8,0.6
0.8,0.8,0.5
1.0,0.7272727272727273,0.4444444444444445
0.8571428571428571,0.923076923076923,0.5454545454545454
0.8333333333333333,0.7692307692307692,0.7142857142857143
0.9090909090909091,0.6153846153846153,0.6666666666666666
0.923076923076923,1.0,0.4615384615384615
1.0,0.8333333333333333,0.4444444444444445
0.8333333333333333,0.8571428571428571,0.5333333333333333
0.6,0.6,0.6
1.0,0.9090909090909091,0.25
0.7272727272727272,0.9090909090909091,0.2857142857142857
1.0,0.8750000000000001,0.923076923076923
0.7692307692307692,0.923076923076923,0.7272727272727273
0.7692307692307692,0.7272727272727273,0.4
0.8333333333333334,0.6666666666666666,0.5
0.8333333333333334,0.9090909090909091,0.4444444444444444
0.7272727272727273,0.8333333333333333,0.4444444444444445
0.8333333333333333,0.8333333333333333,0.4
0.923076923076923,0.8333333333333333,0.5333333333333333
0.9090909090909091,0.8333333333333334,0.2857142857142857
0.9090909090909091,0.8333333333333334,0.6666666666666666
0.923076923076923,0.923076923076923,0.5
1.0,0.8333333333333333,0.5
0.7692307692307692,0.8333333333333333,0.4
1.0,0.8571428571428571,0.5454545454545454
0.9090909090909091,0.9090909090909091,0.5
0.7999999999999999,0.8333333333333333,0.36363636363636365
0.923076923076923,0.8333333333333333,0.5
0.7272727272727273,0.6,0.4444444444444445
0.6666666666666666,0.6,0.4
0.9090909090909091,0.9090909090909091,0.5
0.8571428571428571,0.7272727272727273,0.4
0.7692307692307692,0.8333333333333333,0.7142857142857143
1.0,1.0,0.7142857142857143
0.9090909090909091,0.7692307692307692,0.5
0.8,0.923076923076923,0.4615384615384615
0.923076923076923,0.8333333333333333,0.5
0.8333333333333333,0.8333333333333333,0.6153846153846153
0.7272727272727273,0.7272727272727273,0.4
0.9090909090909091,0.9090909090909091,0.4444444444444444
0.9090909090909091,0.9090909090909091,0.5
0.8333333333333333,0.7142857142857143,0.4615384615384615
0.7142857142857143,0.8333333333333333,0.7272727272727273
0.923076923076923,0.923076923076923,0.7272727272727273
0.923076923076923,0.7692307692307692,0.6666666666666666
1.0,1.0,0.8
0.6,0.4444444444444445,0.22222222222222224
1.0,1.0,0.7142857142857143
0.8333333333333333,0.7272727272727273,0.5
0.9090909090909091,0.8333333333333334,0.4444444444444444
0.7272727272727272,0.8,0.4444444444444444
0.923076923076923,0.8333333333333333,0.5454545454545454
0.9333333333333333,0.8333333333333333,0.6666666666666666
0.7272727272727273,0.6666666666666666,0.4444444444444445
0.6666666666666666,0.6666666666666666,0.6666666666666666
0.7692307692307692,0.8,0.6666666666666666
0.923076923076923,0.8571428571428571,0.5714285714285714
1.0,0.923076923076923,0.7272727272727273
0.8333333333333333,0.7692307692307692,0.4
0.6,0.6666666666666666,0.4444444444444444
0.923076923076923,1.0,0.9090909090909091
0.923076923076923,0.7692307692307692,0.5454545454545454
0.923076923076923,0.923076923076923,0.75
0.8333333333333333,0.7142857142857143,0.5454545454545454
0.8333333333333334,0.8333333333333334,0.7272727272727272
0.6666666666666666,0.6666666666666666,0.4
0.923076923076923,0.923076923076923,0.4444444444444445
0.923076923076923,0.8333333333333333,0.0
0.8571428571428571,0.923076923076923,0.5
0.7272727272727272,0.8,0.7272727272727272
1.0,0.8333333333333334,0.25
0.7272727272727273,0.7272727272727273,0.6153846153846153
1.0,0.9333333333333333,0.7999999999999999
0.7692307692307692,0.8333333333333333,0.5454545454545454
0.9090909090909091,0.9090909090909091,0.4
1.0,0.9090909090909091,0.7272727272727272
0.8333333333333333,0.7058823529411764,0.6666666666666666
0.7272727272727273,0.7272727272727273,0.36363636363636365
0.7692307692307692,0.8333333333333333,0.4444444444444445
0.8,0.6666666666666666,0.25
1.0,1.0,0.5
0.6666666666666666,0.6666666666666666,0.5714285714285714
0.923076923076923,0.8571428571428571,0.8571428571428571
0.923076923076923,0.923076923076923,0.6666666666666666
0.8,1.0,0.7692307692307692
0.7499999999999999,0.923076923076923,0.6666666666666666
0.8333333333333333,0.7692307692307692,0.2
0.8333333333333333,0.8333333333333333,0.4
0.8333333333333333,0.923076923076923,0.3333333333333333
0.9090909090909091,0.8,0.6666666666666666
0.8,0.5,0.6666666666666666
1.0,0.8750000000000001,0.16666666666666666
0.7272727272727273,0.7272727272727273,0.5454545454545454
0.8750000000000001,1.0,0.6666666666666666
0.8333333333333334,0.9090909090909091,0.8
0.9090909090909091,0.8,0.4615384615384615
0.923076923076923,0.7272727272727273,0.25
0.923076923076923,1.0,0.4
0.8333333333333333,0.8333333333333333,0.7142857142857143
0.8571428571428571,1.0,0.6666666666666666
0.8,0.8333333333333334,0.6
0.8333333333333333,0.8333333333333333,0.5454545454545454
0.8571428571428571,0.8333333333333333,0.4
0.7692307692307692,0.6666666666666666,0.5
0.8333333333333334,0.9090909090909091,0.6
0.9090909090909091,0.8,0.5
0.6666666666666666,0.7272727272727273,0.4444444444444445
1.0,0.8235294117647058,0.5333333333333333
0.8571428571428571,0.7692307692307692,0.6153846153846153
0.8,0.8,0.4444444444444444
0.8333333333333334,0.6666666666666666,0.2
0.923076923076923,0.923076923076923,0.7272727272727273
1.0,1.0,0.6153846153846153
0.7272727272727273,0.7692307692307692,0.18181818181818182
1.0,1.0,0.4615384615384615
0.923076923076923,0.8,0.4
0.8571428571428571,0.923076923076923,0.25
0.7272727272727273,0.7272727272727273,0.5454545454545454
0.7272727272727273,0.6,0.6
1.0,1.0,0.4444444444444444
0.923076923076923,0.9090909090909091,0.4444444444444444
0.8333333333333333,0.8333333333333333,0.36363636363636365
0.923076923076923,0.6666666666666666,0.4
0.8333333333333333,0.8333333333333333,0.5454545454545454
0.8333333333333334,0.9090909090909091,0.3636363636363636
0.8333333333333334,0.6153846153846153,0.6666666666666666
0.6,0.5454545454545454,0.42857142857142855
0.923076923076923,0.923076923076923,0.6
1.0,0.923076923076923,0.4444444444444445
0.8,0.8,0.6
0.9090909090909091,0.7272727272727272,0.2222222222222222
0.8571428571428571,0.8333333333333333,0.2
0.923076923076923,0.923076923076923,0.7272727272727273
0.923076923076923,0.8750000000000001,0.5454545454545454
0.8333333333333334,0.8333333333333334,0.2222222222222222
1.0,0.923076923076923,0.6153846153846153
0.8333333333333333,0.8333333333333333,0.7272727272727273
0.923076923076923,0.7692307692307692,0.8571428571428571
0.7272727272727273,0.6,0.36363636363636365
0.8333333333333334,0.7692307692307692,0.6153846153846153
0.6666666666666666,0.6666666666666666,0.5
0.923076923076923,0.923076923076923,0.6666666666666666
0.9333333333333333,0.7272727272727273,0.4
0.923076923076923,0.923076923076923,0.4444444444444445
0.923076923076923,0.8333333333333334,0.6666666666666666
0.7272727272727272,0.5714285714285715,0.2222222222222222
0.923076923076923,0.8333333333333333,0.3333333333333333
0.8333333333333333,0.8333333333333333,0.6
0.923076923076923,0.923076923076923,0.8571428571428571
0.9090909090909091,0.7272727272727272,0.4
1.0,0.9090909090909091,0.7692307692307692
0.923076923076923,0.8333333333333333,0.4
0.8333333333333333,0.6666666666666666,0.5
0.7142857142857143,0.8333333333333333,0.6666666666666666
0.9090909090909091,0.8333333333333334,0.5454545454545454
0.8,0.6666666666666666,0.8333333333333334
0.8750000000000001,0.7272727272727273,0.22222222222222224
0.8333333333333333,0.8333333333333333,0.2
0.8333333333333333,0.8333333333333333,0.75
0.923076923076923,0.8333333333333334,0.4615384615384615
0.6666666666666666,0.4,0.6
0.8333333333333333,0.8333333333333333,0.36363636363636365
0.923076923076923,0.923076923076923,0.5454545454545454
0.8571428571428571,0.923076923076923,0.4444444444444445
0.6666666666666666,0.8333333333333334,0.3636363636363636
0.9090909090909091,0.8,0.6153846153846153
0.8333333333333333,0.8333333333333333,0.25
0.8333333333333333,0.7272727272727273,0.8333333333333333
0.8333333333333333,0.8333333333333333,0.25
0.8,0.8,0.2
0.6666666666666666,0.6666666666666666,0.5
0.923076923076923,0.8333333333333333,0.7272727272727273
0.7999999999999999,0.923076923076923,0.4
1.0,0.7777777777777778,0.42857142857142855
0.9090909090909091,0.9090909090909091,0.2222222222222222
0.923076923076923,0.7692307692307692,0.6
0.7272727272727273,0.5714285714285714,0.18181818181818182
1.0,0.7692307692307692,0.4444444444444445
0.7272727272727273,0.7272727272727273,0.6666666666666666
0.9090909090909091,0.8333333333333334,0.5454545454545454
0.9090909090909091,0.9090909090909091,0.5454545454545454
0.7692307692307692,0.8571428571428571,0.6666666666666666
0.6,0.7272727272727273,0.4444444444444445
0.9333333333333333,0.8571428571428571,0.5
0.9090909090909091,0.9090909090909091,0.4444444444444444
0.9090909090909091,0.9090909090909091,0.5714285714285715
0.923076923076923,0.8571428571428571,0.42857142857142855
0.7272727272727273,0.7272727272727273,0.6666666666666666
0.8571428571428571,0.8333333333333333,0.6
0.8,0.8,0.5
0.6666666666666666,0.6666666666666666,0.6
0.8333333333333333,0.7272727272727273,0.6
1.0,1.0,0.7999999999999999
1.0,0.8750000000000001,0.25
1.0,1.0,0.6
1.0,1.0,0.4
0.5,0.6,0.25
0.8333333333333333,0.8333333333333333,0.8333333333333333
0.923076923076923,0.7142857142857143,0.5454545454545454
0.8333333333333334,0.8,0.4
0.8,0.8,0.6
0.8333333333333333,0.8333333333333333,0.2
1.0,0.923076923076923,0.5454545454545454
0.923076923076923,0.7692307692307692,0.6
0.8,0.6666666666666666,0.2857142857142857
0.9090909090909091,0.7272727272727272,0.2222222222222222
0.923076923076923,0.923076923076923,0.4444444444444445
0.9333333333333333,0.8750000000000001,0.6153846153846153
0.7692307692307692,0.7692307692307692,0.4444444444444445
0.9090909090909091,0.9090909090909091,0.5454545454545454
0.8333333333333334,0.8,0.7692307692307692
1.0,0.8750000000000001,0.5714285714285714
0.8571428571428571,0.923076923076923,0.25
0.7272727272727273,0.6666666666666666,0.6
0.7692307692307692,0.7272727272727272,0.6666666666666666
0.9090909090909091,0.9090909090909091,0.6
1.0,1.0,0.7692307692307692
0.4444444444444445,0.25,0.0
0.9333333333333333,0.9333333333333333,0.6250000000000001
0.8333333333333334,0.8,0.7272727272727272
0.8,0.8,0.4444444444444444
0.8571428571428571,0.8571428571428571,0.36363636363636365
0.8571428571428571,0.7692307692307692,0.3333333333333333
0.8333333333333333,0.7142857142857143,0.5454545454545454
0.8333333333333334,0.8333333333333334,0.37499999999999994
0.7272727272727272,0.7272727272727272,0.5
0.923076923076923,0.8333333333333333,0.6666666666666666
0.8333333333333333,0.8333333333333333,0.4444444444444445
1.0,1.0,0.7142857142857143
0.8,0.6153846153846153,0.1818181818181818
0.8333333333333334,0.7272727272727272,0.4615384615384615
0.7999999999999999,0.923076923076923,0.7142857142857143
0.8333333333333333,0.7272727272727273,0.6
0.923076923076923,0.8333333333333333,0.6
0.6666666666666667,1.0,0.4444444444444444
1.0,1.0,0.6666666666666666
0.7692307692307692,0.8333333333333333,0.6
0.923076923076923,0.8571428571428571,0.6666666666666666
0.7272727272727273,0.5,0.36363636363636365
0.8,0.8,0.6666666666666666
1.0,0.9090909090909091,0.5
0.7272727272727273,0.923076923076923,0.22222222222222224
1.0,0.9333333333333333,0.7692307692307692
0.8333333333333333,0.5,0.5
0.8333333333333334,0.7272727272727272,0.28571428571428575
0.8,0.8,0.0
0.8333333333333333,0.8333333333333333,0.6
0.923076923076923,0.8333333333333333,0.8333333333333333
0.8571428571428571,0.923076923076923,0.5
1.0,0.9090909090909091,0.6666666666666666
0.6666666666666666,0.8,0.3636363636363636
0.8333333333333333,0.8333333333333333,0.5
0.923076923076923,1.0,0.6250000000000001
0.9333333333333333,0.923076923076923,0.4444444444444445
0.8571428571428571,1.0,0.8
0.8333333333333334,0.6666666666666666,0.5333333333333333
0.923076923076923,0.923076923076923,0.5454545454545454
0.8333333333333333,0.6,0.25
0.7272727272727273,0.8333333333333333,0.5454545454545454
0.8,0.8,0.6666666666666666
0.8333333333333334,0.7692307692307692,0.4
0.8333333333333333,0.7142857142857143,0.22222222222222224
0.8333333333333333,0.7272727272727273,0.6
0.8750000000000001,1.0,0.4444444444444445
0.7692307692307692,0.8333333333333334,0.7272727272727272
0.8,0.8,0.6666666666666666
0.923076923076923,0.6153846153846153,0.5
0.923076923076923,0.8571428571428571,0.6
0.8333333333333333,0.8333333333333333,0.5
0.9090909090909091,0.9090909090909091,0.8
0.8,0.7272727272727272,0.4615384615384615
0.923076923076923,0.923076923076923,0.5
0.9333333333333333,0.923076923076923,0.6153846153846153
0.7272727272727273,0.6,0.22222222222222224
0.923076923076923,0.8571428571428571,0.6153846153846153
1.0,0.9090909090909091,0.6666666666666666
0.923076923076923,0.923076923076923,0.5714285714285714
0.7272727272727273,0.6,0.4
0.8333333333333333,0.7142857142857143,0.5
0.8,0.6666666666666666,0.5
0.4444444444444444,0.5,0.6153846153846153
1.0,1.0,0.4
1.0,0.7692307692307692,0.4
0.923076923076923,0.8571428571428571,0.7142857142857143
0.6666666666666666,0.6666666666666666,0.4615384615384615
0.923076923076923,0.923076923076923,0.4
0.8333333333333333,0.6666666666666666,0.0
0.8571428571428571,0.8571428571428571,0.6666666666666666
0.923076923076923,0.923076923076923,0.6
0.8,0.8,0.4444444444444444
0.9090909090909091,0.9090909090909091,0.4444444444444444
0.9333333333333333,0.8571428571428571,0.7272727272727273
0.7692307692307692,0.7142857142857143,0.5714285714285714
1.0,0.923076923076923,0.4444444444444445
0.8,0.8,0.6153846153846153
0.8,0.8,0.4444444444444444
0.7999999999999999,0.8333333333333333,0.8333333333333333
0.8333333333333333,0.6,0.25
0.9333333333333333,0.8571428571428571,0.0
1.0,0.8,0.5
0.8,0.8,0.2222222222222222
1.0,0.8750000000000001,0.5454545454545454
0.7692307692307692,0.7692307692307692,0.4
0.7272727272727273,0.7272727272727273,0.5
0.8,0.8,0.6666666666666666
0.5,0.6666666666666666,0.2
0.8571428571428571,0.7692307692307692,0.7272727272727273
1.0,1.0,0.8333333333333333
0.8571428571428571,0.8333333333333333,0.6
1.0,1.0,0.6
0.9090909090909091,0.6666666666666666,0.5
0.8571428571428571,0.923076923076923,0.5
0.7999999999999999,0.923076923076923,0.4
0.7272727272727273,0.6666666666666666,0.5454545454545454
