Reddit,Subreddit,Recommendation,Content
0.6089965397923875,0.7750865051903114,0.7750865051903114,0.6920415224913494
0.7197231833910035,0.7750865051903114,0.5813148788927336,0.04152249134948097
0.8719723183391004,0.9134948096885813,0.7750865051903114,0.17993079584775087
0.9688581314878892,0.9688581314878892,0.9688581314878892,0.6643598615916955
0.9688581314878892,0.9134948096885813,0.7750865051903114,0.11072664359861592
0.9134948096885813,0.7750865051903114,0.6920415224913494,0.5259515570934256
0.9134948096885813,0.7750865051903114,0.9134948096885813,0.5951557093425606
0.7750865051903114,0.9134948096885813,0.8166089965397924,0.5259515570934256
0.8996539792387543,0.9688581314878892,0.5813148788927336,0.47058823529411764
0.8858131487889274,0.9134948096885813,0.8858131487889274,0.7197231833910035
0.9134948096885813,0.7750865051903114,0.9134948096885813,0.4982698961937716
0.6366782006920415,0.7750865051903114,0.6228373702422145,0.3875432525951557
0.9411764705882353,0.9134948096885813,0.9688581314878892,0.4982698961937716
0.9411764705882353,0.9688581314878892,0.5674740484429066,0.8581314878892734
0.8858131487889274,0.9134948096885813,0.7335640138408305,0.5674740484429066
0.9134948096885813,0.8027681660899654,0.8304498269896193,0.11072664359861592
0.9134948096885813,0.9134948096885813,0.9134948096885813,0.7197231833910035
0.6505190311418685,0.9134948096885813,0.3460207612456747,0.19377162629757785
0.7750865051903114,0.8304498269896193,0.8304498269896193,0.4013840830449827
0.9411764705882353,0.9688581314878892,0.7889273356401384,0.3875432525951557
0.6920415224913494,0.8027681660899654,0.8304498269896193,0.6920415224913494
0.7612456747404844,0.9134948096885813,0.5259515570934256,0.4982698961937716
0.9134948096885813,0.9134948096885813,0.7197231833910035,0.31833910034602075
0.7474048442906575,0.8304498269896193,0.8027681660899654,0.5813148788927336
0.9688581314878892,0.9688581314878892,0.8027681660899654,0.4982698961937716
0.9134948096885813,0.8027681660899654,0.8027681660899654,0.19377162629757785
0.7750865051903114,0.9134948096885813,0.7750865051903114,0.5813148788927336
0.9411764705882353,0.9134948096885813,0.7750865051903114,0.8304498269896193
0.7750865051903114,0.8304498269896193,0.8027681660899654,0.6228373702422145
0.9134948096885813,0.9688581314878892,0.8027681660899654,0.31833910034602075
0.8027681660899654,0.9134948096885813,0.5536332179930796,0.5121107266435986
0.8581314878892734,0.8581314878892734,0.8858131487889274,0.4290657439446367
0.9688581314878892,0.9134948096885813,0.9688581314878892,0.5536332179930796
0.8442906574394463,0.8858131487889274,0.8027681660899654,0.3875432525951557
0.8304498269896193,0.8858131487889274,0.7197231833910035,0.8304498269896193
0.9134948096885813,0.9134948096885813,0.9134948096885813,0.4429065743944637
0.6920415224913494,0.8581314878892734,0.4290657439446367,0.3460207612456747
0.9411764705882353,0.9134948096885813,0.9688581314878892,0.7612456747404844
0.8719723183391004,0.8858131487889274,0.8581314878892734,0.5674740484429066
0.7750865051903114,0.8858131487889274,0.7474048442906575,0.23529411764705882
0.6782006920415224,0.9134948096885813,0.5674740484429066,0.3044982698961938
0.7612456747404844,0.8581314878892734,0.7612456747404844,0.31833910034602075
0.9411764705882353,0.9134948096885813,0.9688581314878892,0.7750865051903114
0.9134948096885813,0.8858131487889274,0.8996539792387543,0.5951557093425606
0.9134948096885813,0.8858131487889274,0.8858131487889274,0.3737024221453287
0.9134948096885813,0.9134948096885813,0.7474048442906575,0.1522491349480969
0.8581314878892734,0.7750865051903114,0.8581314878892734,0.6782006920415224
0.8027681660899654,0.6920415224913494,0.8027681660899654,0.35986159169550175
0.7750865051903114,0.9411764705882353,0.6366782006920415,0.4429065743944637
0.9411764705882353,0.9688581314878892,0.9411764705882353,0.9411764705882353
0.9134948096885813,0.9134948096885813,0.7750865051903114,0.4844290657439446
0.8166089965397924,0.7750865051903114,0.8304498269896193,0.6366782006920415
0.9688581314878892,0.6920415224913494,0.9411764705882353,0.5536332179930796
0.8719723183391004,0.9411764705882353,0.8996539792387543,0.3044982698961938
0.8166089965397924,0.9688581314878892,0.5674740484429066,0.5259515570934256
0.9134948096885813,0.9134948096885813,0.8581314878892734,0.3737024221453287
0.8581314878892734,0.7750865051903114,0.8027681660899654,0.47058823529411764
0.8996539792387543,0.6920415224913494,0.6089965397923875,0.1245674740484429
0.6505190311418685,0.9411764705882353,0.8996539792387543,0.20761245674740483
0.9134948096885813,0.9688581314878892,0.8581314878892734,0.8027681660899654
0.8304498269896193,0.8027681660899654,0.7750865051903114,0.6089965397923875
0.9134948096885813,0.8027681660899654,0.7197231833910035,0.4429065743944637
0.8442906574394463,0.9411764705882353,0.6643598615916955,0.7474048442906575
0.9688581314878892,0.7474048442906575,0.9688581314878892,0.8027681660899654
0.8027681660899654,0.9688581314878892,0.7750865051903114,-0.04152249134948097
0.8858131487889274,0.8027681660899654,0.7474048442906575,0.11072664359861592
0.8304498269896193,0.8027681660899654,0.5951557093425606,0.5397923875432526
0.6920415224913494,0.9411764705882353,0.8581314878892734,0.4982698961937716
0.8858131487889274,0.7474048442906575,0.9688581314878892,0.8719723183391004
0.9134948096885813,0.9688581314878892,0.7750865051903114,0.6089965397923875
0.9134948096885813,0.8027681660899654,0.7612456747404844,0.19377162629757785
0.8581314878892734,0.8027681660899654,0.7750865051903114,0.5813148788927336
0.5951557093425606,0.9411764705882353,0.6505190311418685,0.6366782006920415
0.9688581314878892,0.7474048442906575,0.9688581314878892,0.4290657439446367
0.8027681660899654,0.9688581314878892,0.7058823529411765,0.6920415224913494
0.9134948096885813,0.9134948096885813,0.9134948096885813,0.6643598615916955
0.8581314878892734,0.9134948096885813,0.7197231833910035,0.41522491349480967
0.6920415224913494,0.9688581314878892,0.33217993079584773,0.4844290657439446
0.8304498269896193,0.7197231833910035,0.8027681660899654,0.6089965397923875
0.8027681660899654,0.9134948096885813,0.9273356401384083,0.6643598615916955
0.9134948096885813,0.9134948096885813,0.9134948096885813,0.5397923875432526
0.5674740484429066,0.9134948096885813,0.5813148788927336,0.2768166089965398
0.9688581314878892,0.9688581314878892,0.9411764705882353,0.4013840830449827
0.7058823529411765,0.7197231833910035,0.7197231833910035,0.6089965397923875
0.9411764705882353,0.9134948096885813,0.8166089965397924,0.5259515570934256
0.6782006920415224,0.9134948096885813,0.6366782006920415,0.47058823529411764
0.9134948096885813,0.9134948096885813,0.9134948096885813,0.3044982698961938
0.6920415224913494,0.9688581314878892,0.5951557093425606,0.4844290657439446
0.9411764705882353,0.7197231833910035,0.9688581314878892,0.8304498269896193
0.8304498269896193,0.9134948096885813,0.8858131487889274,0.7612456747404844
0.8304498269896193,0.8581314878892734,0.8027681660899654,0.20761245674740483
0.8858131487889274,0.8858131487889274,0.7750865051903114,0.6366782006920415
0.8581314878892734,0.9688581314878892,0.8027681660899654,0.6782006920415224
0.9134948096885813,0.9688581314878892,0.9134948096885813,0.6920415224913494
0.8581314878892734,0.6089965397923875,0.7197231833910035,0.4429065743944637
0.8858131487889274,0.8581314878892734,0.7197231833910035,0.7750865051903114
0.8304498269896193,0.8858131487889274,0.8027681660899654,0.02768166089965398
0.9411764705882353,0.9688581314878892,0.6920415224913494,0.3875432525951557
0.9688581314878892,0.9688581314878892,0.9411764705882353,0.6920415224913494
0.6643598615916955,0.6089965397923875,0.7197231833910035,0.8027681660899654
0.7197231833910035,0.8581314878892734,0.6089965397923875,0.1384083044982699
0.7474048442906575,0.8858131487889274,0.7197231833910035,0.4982698961937716
0.7750865051903114,0.9688581314878892,0.6920415224913494,0.5951557093425606
0.9688581314878892,0.9688581314878892,0.9688581314878892,0.11072664359861592
0.9688581314878892,0.6089965397923875,0.9688581314878892,0.6920415224913494
0.7612456747404844,0.9134948096885813,0.7335640138408305,0.31833910034602075
0.8304498269896193,0.8304498269896193,0.7612456747404844,0.3737024221453287
0.5121107266435986,0.9411764705882353,0.5536332179930796,0.19377162629757785
0.8581314878892734,0.9134948096885813,0.7612456747404844,0.8166089965397924
0.9688581314878892,0.8304498269896193,0.9688581314878892,0.8304498269896193
0.8304498269896193,0.9134948096885813,0.7058823529411765,0.45674740484429066
0.8027681660899654,0.8304498269896193,0.8304498269896193,0.2768166089965398
0.8858131487889274,0.9411764705882353,0.8166089965397924,0.31833910034602075
0.8719723183391004,0.9134948096885813,0.8581314878892734,0.5951557093425606
0.8304498269896193,0.8304498269896193,0.8166089965397924,0.8581314878892734
0.8304498269896193,0.9134948096885813,0.8027681660899654,0.5259515570934256
0.9134948096885813,0.8304498269896193,0.7474048442906575,0.3460207612456747
0.9411764705882353,0.9411764705882353,0.9134948096885813,0.6089965397923875
0.6643598615916955,0.9134948096885813,0.5813148788927336,0.1384083044982699
0.9134948096885813,0.8304498269896193,0.8027681660899654,0.5951557093425606
0.6920415224913494,0.8581314878892734,0.9134948096885813,0.1245674740484429
0.9134948096885813,0.8858131487889274,0.6920415224913494,0.17993079584775087
0.6505190311418685,0.7197231833910035,0.8858131487889274,0.5813148788927336
0.9688581314878892,0.9411764705882353,0.9688581314878892,0.7058823529411765
0.9411764705882353,0.8858131487889274,0.7197231833910035,0.5397923875432526
0.8304498269896193,0.8581314878892734,0.7197231833910035,0.5674740484429066
0.6089965397923875,0.8858131487889274,0.5121107266435986,0.3044982698961938
0.9688581314878892,0.7197231833910035,0.9134948096885813,0.6643598615916955
0.9688581314878892,0.9411764705882353,0.9688581314878892,0.8719723183391004
0.8581314878892734,0.8858131487889274,0.7750865051903114,0.5951557093425606
0.8166089965397924,0.8581314878892734,0.7889273356401384,0.7197231833910035
0.8858131487889274,0.8858131487889274,0.7474048442906575,0.6920415224913494
0.8027681660899654,0.7197231833910035,0.7058823529411765,0.2768166089965398
0.9411764705882353,0.9411764705882353,0.8027681660899654,0.7335640138408305
0.8304498269896193,0.8858131487889274,0.8719723183391004,0.19377162629757785
0.9134948096885813,0.8581314878892734,0.7058823529411765,0.16608996539792387
0.8304498269896193,0.7750865051903114,0.7335640138408305,0.6643598615916955
0.7612456747404844,0.9688581314878892,0.8027681660899654,0.45674740484429066
0.9550173010380623,0.7197231833910035,0.9134948096885813,0.4982698961937716
0.9411764705882353,0.9411764705882353,0.8858131487889274,0.5536332179930796
0.6920415224913494,0.8581314878892734,0.2629757785467128,0.17993079584775087
0.9134948096885813,0.7750865051903114,0.9134948096885813,0.23529411764705882
0.7197231833910035,0.9688581314878892,0.5951557093425606,0.6366782006920415
0.9134948096885813,0.7197231833910035,0.9688581314878892,0.8027681660899654
0.9688581314878892,0.9411764705882353,0.9688581314878892,0.9273356401384083
0.9134948096885813,0.8581314878892734,0.8858131487889274,0.41522491349480967
0.8304498269896193,0.7750865051903114,0.7335640138408305,0.45674740484429066
0.7889273356401384,0.9688581314878892,0.7474048442906575,0.7474048442906575
0.8304498269896193,0.7197231833910035,0.7750865051903114,0.19377162629757785
0.8996539792387543,0.9411764705882353,0.7889273356401384,0.7750865051903114
0.7335640138408305,0.8304498269896193,0.6920415224913494,0.6366782006920415
0.8858131487889274,0.6920415224913494,0.8581314878892734,0.5121107266435986
0.7750865051903114,0.9688581314878892,0.4844290657439446,0.6366782006920415
0.9134948096885813,0.9688581314878892,0.6089965397923875,0.08304498269896193
0.9688581314878892,0.9134948096885813,0.9688581314878892,0.8166089965397924
0.7750865051903114,0.8304498269896193,0.6643598615916955,0.1384083044982699
0.7750865051903114,0.6920415224913494,0.7058823529411765,0.3044982698961938
0.6089965397923875,0.9688581314878892,0.7197231833910035,0.19377162629757785
0.9688581314878892,0.9688581314878892,0.9688581314878892,0.8027681660899654
0.9688581314878892,0.9134948096885813,0.9134948096885813,0.7197231833910035
0.9134948096885813,0.8304498269896193,0.8858131487889274,0.5536332179930796
0.5121107266435986,0.6920415224913494,0.5674740484429066,0.5813148788927336
0.9688581314878892,0.9688581314878892,0.9688581314878892,0.19377162629757785
0.9411764705882353,0.9688581314878892,0.8996539792387543,0.7750865051903114
0.7197231833910035,0.9134948096885813,0.6920415224913494,0.08304498269896193
0.7474048442906575,0.9134948096885813,0.6228373702422145,0.41522491349480967
0.9134948096885813,0.9134948096885813,0.5951557093425606,0.11072664359861592
0.9688581314878892,0.9134948096885813,0.9688581314878892,0.7889273356401384
0.7889273356401384,0.7750865051903114,0.7474048442906575,0.5813148788927336
0.8027681660899654,0.8304498269896193,0.6228373702422145,0.7612456747404844
0.9134948096885813,0.9134948096885813,0.9134948096885813,0.6228373702422145
0.8581314878892734,0.9134948096885813,0.7474048442906575,0.41522491349480967
0.9688581314878892,0.9134948096885813,0.9688581314878892,0.9688581314878892
0.9688581314878892,0.7750865051903114,0.8996539792387543,0.41522491349480967
0.1522491349480969,0.8304498269896193,0.4429065743944637,-0.06920415224913495
0.8996539792387543,0.9134948096885813,0.8304498269896193,0.6920415224913494
0.7474048442906575,0.9134948096885813,0.7750865051903114,0.47058823529411764
0.9134948096885813,0.9134948096885813,0.8581314878892734,0.6228373702422145
0.9688581314878892,0.7750865051903114,0.9688581314878892,0.8304498269896193
0.7474048442906575,0.8304498269896193,0.5536332179930796,0.3460207612456747
0.6366782006920415,0.9134948096885813,0.6920415224913494,0.41522491349480967
0.7750865051903114,0.8027681660899654,0.6366782006920415,0.3737024221453287
0.9411764705882353,0.8581314878892734,0.9411764705882353,0.7335640138408305
0.9411764705882353,0.9688581314878892,0.8304498269896193,0.5259515570934256
0.7474048442906575,0.9134948096885813,0.8027681660899654,0.4290657439446367
0.4290657439446367,0.9134948096885813,0.5259515570934256,0.17993079584775087
0.8581314878892734,0.8027681660899654,0.7197231833910035,0.2906574394463668
0.9688581314878892,0.8581314878892734,0.8581314878892734,0.5121107266435986
0.8858131487889274,0.9688581314878892,0.7889273356401384,0.6228373702422145
0.8581314878892734,0.9134948096885813,0.7750865051903114,0.4844290657439446
0.8304498269896193,0.9134948096885813,0.6089965397923875,0.5813148788927336
0.9134948096885813,0.8027681660899654,0.9134948096885813,0.11072664359861592
0.9688581314878892,0.8581314878892734,0.7750865051903114,0.6228373702422145
0.9134948096885813,0.9688581314878892,0.8304498269896193,0.31833910034602075
0.8166089965397924,0.9134948096885813,0.7474048442906575,0.4982698961937716
0.9134948096885813,0.9134948096885813,0.7474048442906575,-0.01384083044982699
0.7474048442906575,0.8581314878892734,0.7750865051903114,0.8166089965397924
0.9688581314878892,0.8581314878892734,0.9411764705882353,0.8719723183391004
0.7750865051903114,0.7474048442906575,0.8304498269896193,0.6782006920415224
0.6920415224913494,0.9411764705882353,0.7197231833910035,0.35986159169550175
0.6920415224913494,0.9134948096885813,0.6089965397923875,-0.02768166089965398
0.8581314878892734,0.8581314878892734,0.8027681660899654,0.5536332179930796
0.8858131487889274,0.8581314878892734,0.7474048442906575,0.5813148788927336
0.9134948096885813,0.7474048442906575,0.7889273356401384,0.4429065743944637
0.9134948096885813,0.9411764705882353,0.9273356401384083,0.23529411764705882
0.8166089965397924,0.9134948096885813,0.8166089965397924,0.3875432525951557
0.9134948096885813,0.8581314878892734,0.7750865051903114,0.7197231833910035
0.7889273356401384,0.8581314878892734,0.7750865051903114,0.19377162629757785
0.9688581314878892,0.7474048442906575,0.8442906574394463,0.4429065743944637
0.7197231833910035,0.9411764705882353,0.8304498269896193,0.7474048442906575
0.9134948096885813,0.8858131487889274,0.9134948096885813,0.35986159169550175
0.9134948096885813,0.8858131487889274,0.8166089965397924,0.8166089965397924
0.8581314878892734,0.8304498269896193,0.7750865051903114,0.3460207612456747
0.8719723183391004,0.9688581314878892,0.7474048442906575,0.45674740484429066
0.6782006920415224,0.6089965397923875,0.5121107266435986,0.4982698961937716
0.6228373702422145,0.8858131487889274,0.47058823529411764,0.1384083044982699
0.8581314878892734,0.8858131487889274,0.8304498269896193,0.7889273356401384
0.9411764705882353,0.8304498269896193,0.9411764705882353,0.45674740484429066
0.7889273356401384,0.9688581314878892,0.8166089965397924,0.7335640138408305
0.9688581314878892,0.6089965397923875,0.9688581314878892,0.6089965397923875
0.8304498269896193,0.8858131487889274,0.7750865051903114,0.6643598615916955
0.9134948096885813,0.8858131487889274,0.9134948096885813,0.4013840830449827
0.9688581314878892,0.8304498269896193,0.7474048442906575,0.4982698961937716
0.8027681660899654,0.9688581314878892,0.7197231833910035,0.5813148788927336
0.8166089965397924,0.6089965397923875,0.8442906574394463,0.19377162629757785
0.7750865051903114,0.8027681660899654,0.7889273356401384,0.6366782006920415
0.8304498269896193,0.8858131487889274,0.7197231833910035,0.3737024221453287
0.8027681660899654,0.8858131487889274,0.6089965397923875,0.1522491349480969
0.6089965397923875,0.8027681660899654,0.8719723183391004,0.5536332179930796
0.9688581314878892,0.9688581314878892,0.8581314878892734,0.6228373702422145
0.9134948096885813,0.8027681660899654,0.8304498269896193,0.5813148788927336
0.9134948096885813,0.8858131487889274,0.9134948096885813,0.8581314878892734
0.5813148788927336,0.8858131487889274,0.5259515570934256,0.4429065743944637
0.9688581314878892,0.8027681660899654,0.9688581314878892,0.4844290657439446
0.8581314878892734,0.9688581314878892,0.9273356401384083,0.5259515570934256
0.7889273356401384,0.8027681660899654,0.6920415224913494,0.3875432525951557
0.7335640138408305,0.8858131487889274,0.8027681660899654,0.5121107266435986
0.9688581314878892,0.8858131487889274,0.8581314878892734,0.6089965397923875
0.9688581314878892,0.8027681660899654,0.9134948096885813,0.45674740484429066
0.7750865051903114,0.9688581314878892,0.6089965397923875,0.3737024221453287
0.6089965397923875,0.9134948096885813,0.7058823529411765,0.7197231833910035
0.8027681660899654,0.8858131487889274,0.7335640138408305,0.7058823529411765
0.9688581314878892,0.9688581314878892,0.9134948096885813,0.45674740484429066
0.9688581314878892,0.9134948096885813,0.9688581314878892,0.5536332179930796
0.9411764705882353,0.7750865051903114,0.8027681660899654,0.4982698961937716
0.4982698961937716,0.9134948096885813,0.5259515570934256,0.3044982698961938
0.9134948096885813,0.8858131487889274,0.9134948096885813,0.7750865051903114
0.9411764705882353,0.9688581314878892,0.8304498269896193,0.5397923875432526
0.8304498269896193,0.9134948096885813,0.9134948096885813,0.8027681660899654
0.8304498269896193,0.7750865051903114,0.6089965397923875,0.41522491349480967
0.7474048442906575,0.9134948096885813,0.6920415224913494,0.5951557093425606
0.6920415224913494,0.8858131487889274,0.5536332179930796,0.2768166089965398
0.9411764705882353,0.9688581314878892,0.9688581314878892,0.7750865051903114
0.8581314878892734,0.9134948096885813,0.8581314878892734,0.05536332179930796
0.9411764705882353,0.7750865051903114,0.7889273356401384,0.6920415224913494
0.8027681660899654,0.7750865051903114,0.8581314878892734,0.5536332179930796
0.9134948096885813,0.9134948096885813,0.8304498269896193,0.3460207612456747
0.5951557093425606,0.8027681660899654,0.5397923875432526,0.3737024221453287
0.9688581314878892,0.8581314878892734,0.9134948096885813,0.7612456747404844
0.7750865051903114,0.9411764705882353,0.7058823529411765,0.3737024221453287
0.8858131487889274,0.7750865051903114,0.6920415224913494,0.5397923875432526
0.9134948096885813,0.9134948096885813,0.8858131487889274,0.47058823529411764
0.8719723183391004,0.8027681660899654,0.4982698961937716,0.47058823529411764
0.6366782006920415,0.8581314878892734,0.6228373702422145,0.3044982698961938
0.8304498269896193,0.9411764705882353,0.9273356401384083,0.8719723183391004
0.6089965397923875,0.7750865051903114,0.5121107266435986,0.5397923875432526
0.9134948096885813,0.9134948096885813,0.9134948096885813,0.5674740484429066
0.6366782006920415,0.8027681660899654,0.5536332179930796,0.09688581314878893
0.9688581314878892,0.8581314878892734,0.9134948096885813,0.8027681660899654
0.9134948096885813,0.9411764705882353,0.9134948096885813,0.7474048442906575
0.8581314878892734,0.8581314878892734,0.9134948096885813,0.7335640138408305
0.9134948096885813,0.8581314878892734,0.9134948096885813,0.6643598615916955
0.6505190311418685,0.8027681660899654,0.8304498269896193,0.16608996539792387
0.8166089965397924,0.8858131487889274,0.7474048442906575,0.4982698961937716
0.9688581314878892,0.9688581314878892,0.7474048442906575,0.41522491349480967
0.8304498269896193,0.8581314878892734,0.8304498269896193,0.7474048442906575
0.5536332179930796,0.8581314878892734,0.7750865051903114,0.6366782006920415
0.9688581314878892,0.8027681660899654,0.9688581314878892,0.1245674740484429
0.6366782006920415,0.8858131487889274,0.6366782006920415,0.5674740484429066
0.9688581314878892,0.9688581314878892,0.9688581314878892,0.6643598615916955
0.8858131487889274,0.8581314878892734,0.8027681660899654,0.4013840830449827
0.7750865051903114,0.8581314878892734,0.8027681660899654,0.23529411764705882
0.9411764705882353,0.8027681660899654,0.6366782006920415,0.8304498269896193
0.9134948096885813,0.8858131487889274,0.9688581314878892,0.2629757785467128
0.9134948096885813,0.9688581314878892,0.5813148788927336,0.6643598615916955
0.9134948096885813,0.8581314878892734,0.9134948096885813,0.5674740484429066
0.7197231833910035,0.8581314878892734,0.7474048442906575,0.31833910034602075
0.7474048442906575,0.8581314878892734,0.7197231833910035,0.4429065743944637
0.9411764705882353,0.9688581314878892,0.9134948096885813,0.4982698961937716
0.8581314878892734,0.8027681660899654,0.6366782006920415,0.35986159169550175
0.7750865051903114,0.8581314878892734,0.8027681660899654,0.5536332179930796
0.8166089965397924,0.8581314878892734,0.8166089965397924,0.6782006920415224
0.8858131487889274,0.8581314878892734,0.7889273356401384,0.8304498269896193
0.9688581314878892,0.9688581314878892,0.8442906574394463,0.3460207612456747
0.7750865051903114,0.8027681660899654,0.6920415224913494,0.2491349480968858
0.7750865051903114,0.8581314878892734,0.8581314878892734,0.3044982698961938
0.7474048442906575,0.8581314878892734,0.7612456747404844,0.3875432525951557
0.8719723183391004,0.8581314878892734,0.9273356401384083,0.8027681660899654
0.9688581314878892,0.9688581314878892,0.9688581314878892,0.4982698961937716
0.8166089965397924,0.8027681660899654,0.6920415224913494,0.11072664359861592
0.9134948096885813,0.7474048442906575,0.9134948096885813,0.3044982698961938
0.9134948096885813,0.8027681660899654,0.5259515570934256,0.33217993079584773
0.9411764705882353,0.9134948096885813,0.8858131487889274,0.8304498269896193
0.7197231833910035,0.9688581314878892,0.5674740484429066,0.6089965397923875
0.8858131487889274,0.9688581314878892,0.8304498269896193,0.7197231833910035
0.9134948096885813,0.7474048442906575,0.9134948096885813,0.47058823529411764
0.8858131487889274,0.8027681660899654,0.7197231833910035,0.1245674740484429
0.6643598615916955,0.9134948096885813,0.6089965397923875,0.22145328719723184
0.9411764705882353,0.9688581314878892,0.7750865051903114,0.4844290657439446
0.9411764705882353,0.9688581314878892,0.7335640138408305,0.5536332179930796
0.7474048442906575,0.7474048442906575,0.8442906574394463,0.4290657439446367
0.8442906574394463,0.8027681660899654,0.5259515570934256,0.5813148788927336
0.47058823529411764,0.9134948096885813,0.31833910034602075,0.19377162629757785
0.9411764705882353,0.9688581314878892,0.9411764705882353,0.8719723183391004
0.9688581314878892,0.9688581314878892,0.9688581314878892,0.6089965397923875
0.8996539792387543,0.6643598615916955,0.8858131487889274,0.6366782006920415
0.8304498269896193,0.8581314878892734,0.6228373702422145,0.22145328719723184
0.7750865051903114,0.8581314878892734,0.6920415224913494,0.35986159169550175
0.8304498269896193,0.9411764705882353,0.8027681660899654,0.7474048442906575
0.9688581314878892,0.9688581314878892,0.8027681660899654,0.5536332179930796
0.8858131487889274,0.6643598615916955,0.7474048442906575,0.20761245674740483
0.9134948096885813,0.8581314878892734,0.9134948096885813,0.3460207612456747
0.8581314878892734,0.8581314878892734,0.8027681660899654,0.6643598615916955
0.8027681660899654,0.9411764705882353,0.7335640138408305,0.6782006920415224
0.7889273356401384,0.9688581314878892,0.6505190311418685,0.5674740484429066
0.7197231833910035,0.6643598615916955,0.6920415224913494,0.2768166089965398
0.7474048442906575,0.8581314878892734,0.5536332179930796,0.6643598615916955
0.9134948096885813,0.8581314878892734,0.8858131487889274,0.5536332179930796
0.9688581314878892,0.9411764705882353,0.6643598615916955,0.31833910034602075
0.9688581314878892,0.9688581314878892,0.9411764705882353,0.6228373702422145
0.8858131487889274,0.8304498269896193,0.7197231833910035,0.45674740484429066
0.7889273356401384,0.9134948096885813,0.45674740484429066,-0.01384083044982699
0.9688581314878892,0.9688581314878892,0.9688581314878892,0.35986159169550175
0.9134948096885813,0.8581314878892734,0.7612456747404844,0.7750865051903114
0.8027681660899654,0.8581314878892734,0.8304498269896193,0.9411764705882353
0.8581314878892734,0.8304498269896193,0.8304498269896193,0.4982698961937716
0.9134948096885813,0.9134948096885813,0.8996539792387543,0.6089965397923875
0.9688581314878892,0.9688581314878892,0.8442906574394463,0.3875432525951557
0.8304498269896193,0.8581314878892734,0.7612456747404844,0.3875432525951557
0.7750865051903114,0.8581314878892734,0.8581314878892734,0.5951557093425606
0.9134948096885813,0.8304498269896193,0.7750865051903114,0.47058823529411764
0.6228373702422145,0.9134948096885813,0.6089965397923875,0.6920415224913494
0.9273356401384083,0.9688581314878892,0.8027681660899654,0.4844290657439446
0.8858131487889274,0.8581314878892734,0.6228373702422145,0.33217993079584773
0.9550173010380623,0.8581314878892734,0.7335640138408305,0.4429065743944637
0.9134948096885813,0.8858131487889274,0.7750865051903114,0.2906574394463668
0.7750865051903114,0.7474048442906575,0.4290657439446367,0.5121107266435986
0.8581314878892734,0.9688581314878892,0.8442906574394463,0.2491349480968858
0.9411764705882353,0.8581314878892734,0.9134948096885813,0.5951557093425606
0.9134948096885813,0.9411764705882353,0.7750865051903114,0.7197231833910035
0.6366782006920415,0.8858131487889274,0.7474048442906575,0.3737024221453287
0.9134948096885813,0.7474048442906575,0.8581314878892734,0.3460207612456747
0.8581314878892734,0.9688581314878892,0.7474048442906575,0.5951557093425606
0.9688581314878892,0.8581314878892734,0.6643598615916955,0.5536332179930796
0.8581314878892734,0.9411764705882353,0.8166089965397924,0.5121107266435986
0.7474048442906575,0.8858131487889274,0.6920415224913494,0.1522491349480969
0.6228373702422145,0.7474048442906575,0.6782006920415224,0.6782006920415224
0.9688581314878892,0.9688581314878892,0.9411764705882353,0.8442906574394463
0.8858131487889274,0.8581314878892734,0.8304498269896193,0.35986159169550175
0.9688581314878892,0.9411764705882353,0.8027681660899654,0.11072664359861592
0.6920415224913494,0.8581314878892734,0.7612456747404844,0.41522491349480967
0.9134948096885813,0.8581314878892734,0.7750865051903114,0.5397923875432526
0.7750865051903114,0.7750865051903114,0.6089965397923875,0.1384083044982699
0.9688581314878892,0.9688581314878892,0.8581314878892734,0.3737024221453287
0.8996539792387543,0.8027681660899654,0.8581314878892734,0.6089965397923875
0.8027681660899654,0.8581314878892734,0.7197231833910035,0.35986159169550175
0.8581314878892734,0.8581314878892734,0.7058823529411765,0.4982698961937716
0.8719723183391004,0.7750865051903114,0.7474048442906575,0.6228373702422145
0.7197231833910035,0.9688581314878892,0.7889273356401384,0.6643598615916955
0.9688581314878892,0.8027681660899654,0.9134948096885813,0.5951557093425606
0.8027681660899654,0.8581314878892734,0.8304498269896193,0.4982698961937716
0.7474048442906575,0.8581314878892734,0.8581314878892734,0.4429065743944637
0.9688581314878892,0.7750865051903114,0.7474048442906575,0.04152249134948097
0.8442906574394463,0.9688581314878892,0.6643598615916955,0.7474048442906575
0.9411764705882353,0.8027681660899654,0.9688581314878892,0.6505190311418685
0.8027681660899654,0.8304498269896193,0.6366782006920415,0.5121107266435986
0.7750865051903114,0.8581314878892734,0.7474048442906575,0.5121107266435986
0.9134948096885813,0.9688581314878892,0.8858131487889274,0.8304498269896193
0.9688581314878892,0.8304498269896193,0.9688581314878892,0.7197231833910035
0.9688581314878892,0.9134948096885813,0.9273356401384083,0.35986159169550175
0.9134948096885813,0.8304498269896193,0.9134948096885813,0.6228373702422145
0.9134948096885813,0.8581314878892734,0.9134948096885813,0.31833910034602075
0.47058823529411764,0.9688581314878892,0.5121107266435986,0.4429065743944637
0.8304498269896193,0.8304498269896193,0.8304498269896193,0.7889273356401384
0.8027681660899654,0.9134948096885813,0.7474048442906575,0.6228373702422145
0.7197231833910035,0.8304498269896193,0.7197231833910035,0.3875432525951557
0.7889273356401384,0.8581314878892734,0.7474048442906575,0.5813148788927336
0.7474048442906575,0.9688581314878892,0.8027681660899654,0.1245674740484429
0.9688581314878892,0.8304498269896193,0.8304498269896193,0.6089965397923875
0.9411764705882353,0.9134948096885813,0.8581314878892734,0.5951557093425606
0.5813148788927336,0.8858131487889274,0.5813148788927336,0.6505190311418685
0.9134948096885813,0.7197231833910035,0.7474048442906575,0.23529411764705882
0.9411764705882353,0.8858131487889274,0.9688581314878892,0.7889273356401384
0.9688581314878892,0.9411764705882353,0.8304498269896193,0.47058823529411764
0.7889273356401384,0.8858131487889274,0.6505190311418685,0.3875432525951557
0.9134948096885813,0.8858131487889274,0.6643598615916955,0.35986159169550175
0.8581314878892734,0.7197231833910035,0.8581314878892734,0.6782006920415224
0.9688581314878892,0.8858131487889274,0.9411764705882353,0.4013840830449827
0.9134948096885813,0.9411764705882353,0.8858131487889274,0.4844290657439446
0.5397923875432526,0.8858131487889274,0.6089965397923875,0.5813148788927336
0.8304498269896193,0.8858131487889274,0.7750865051903114,0.4290657439446367
0.9134948096885813,0.7197231833910035,0.9134948096885813,0.8304498269896193
0.9688581314878892,0.8858131487889274,0.9688581314878892,0.6366782006920415
0.5259515570934256,0.9411764705882353,0.4290657439446367,-0.01384083044982699
0.9688581314878892,0.8858131487889274,0.9688581314878892,0.2906574394463668
0.8581314878892734,0.8304498269896193,0.9134948096885813,0.5259515570934256
0.7612456747404844,0.8027681660899654,0.8304498269896193,0.7197231833910035
0.8858131487889274,0.8858131487889274,0.8027681660899654,0.4013840830449827
0.9411764705882353,0.8858131487889274,0.7474048442906575,0.09688581314878893
0.8858131487889274,0.9688581314878892,0.8027681660899654,0.6366782006920415
0.8581314878892734,0.8304498269896193,0.7197231833910035,0.05536332179930796
0.8304498269896193,0.8027681660899654,0.5397923875432526,0.6643598615916955
0.9688581314878892,0.8858131487889274,0.9688581314878892,0.6782006920415224
0.5813148788927336,0.8858131487889274,0.7612456747404844,0.35986159169550175
0.9688581314878892,0.9688581314878892,0.9688581314878892,0.5951557093425606
0.5674740484429066,0.8304498269896193,0.5259515570934256,0.11072664359861592
0.8581314878892734,0.8027681660899654,0.8581314878892734,0.2629757785467128
0.8858131487889274,0.8858131487889274,0.8027681660899654,0.5813148788927336
0.7335640138408305,0.8858131487889274,0.7335640138408305,0.7612456747404844
0.9688581314878892,0.9688581314878892,0.8581314878892734,0.7197231833910035
0.6643598615916955,0.8304498269896193,0.9134948096885813,0.5259515570934256
0.9134948096885813,0.9134948096885813,0.9134948096885813,0.6505190311418685
0.8442906574394463,0.7750865051903114,0.8304498269896193,0.33217993079584773
0.8719723183391004,0.9134948096885813,0.8581314878892734,0.7612456747404844
0.6089965397923875,0.9134948096885813,0.3460207612456747,0.0
0.5121107266435986,0.8304498269896193,0.4982698961937716,0.4429065743944637
0.9134948096885813,0.9134948096885813,0.9134948096885813,0.6643598615916955
0.9688581314878892,0.7750865051903114,0.8027681660899654,0.3044982698961938
0.9688581314878892,0.9134948096885813,0.9688581314878892,0.5397923875432526
0.9134948096885813,0.9134948096885813,0.5121107266435986,0.3875432525951557
0.6643598615916955,0.8304498269896193,0.6920415224913494,-0.1522491349480969
0.8027681660899654,0.9134948096885813,0.5674740484429066,0.08304498269896193
0.7612456747404844,0.7750865051903114,0.7335640138408305,0.6228373702422145
0.9411764705882353,0.9134948096885813,0.9688581314878892,0.8996539792387543
0.9134948096885813,0.9134948096885813,0.9688581314878892,0.5121107266435986
0.9134948096885813,0.9134948096885813,0.8858131487889274,0.6920415224913494
0.45674740484429066,0.8027681660899654,0.35986159169550175,0.08304498269896193
0.8166089965397924,0.8858131487889274,0.7750865051903114,0.3737024221453287
0.9688581314878892,0.9134948096885813,0.9688581314878892,0.35986159169550175
0.9688581314878892,0.9411764705882353,0.8581314878892734,0.6228373702422145
0.8858131487889274,0.9134948096885813,0.9134948096885813,0.6643598615916955
0.8027681660899654,0.8027681660899654,0.5259515570934256,0.2906574394463668
0.7889273356401384,0.8858131487889274,0.8304498269896193,0.2629757785467128
0.8027681660899654,0.9134948096885813,0.7889273356401384,0.16608996539792387
0.9411764705882353,0.9411764705882353,0.9134948096885813,0.6920415224913494
0.9134948096885813,0.9134948096885813,0.7612456747404844,0.6505190311418685
0.8304498269896193,0.8027681660899654,0.6920415224913494,0.3875432525951557
0.5674740484429066,0.8858131487889274,0.5259515570934256,-0.05536332179930796
0.8027681660899654,0.9134948096885813,0.8442906574394463,0.7058823529411765
0.9688581314878892,0.9411764705882353,0.9688581314878892,0.8166089965397924
0.8027681660899654,0.8304498269896193,0.8858131487889274,0.5951557093425606
0.8858131487889274,0.8027681660899654,0.7335640138408305,0.4844290657439446
0.8027681660899654,0.8858131487889274,0.6089965397923875,0.2629757785467128
0.9411764705882353,0.8858131487889274,0.8719723183391004,0.3044982698961938
0.9688581314878892,0.9688581314878892,0.8027681660899654,0.4844290657439446
0.9134948096885813,0.8304498269896193,0.9134948096885813,0.9134948096885813
0.8581314878892734,0.8027681660899654,0.6920415224913494,0.20761245674740483
0.8027681660899654,0.8858131487889274,0.7750865051903114,0.3875432525951557
0.9688581314878892,0.8858131487889274,0.9688581314878892,0.5536332179930796
0.6366782006920415,0.9688581314878892,0.5397923875432526,0.35986159169550175
0.8858131487889274,0.8304498269896193,0.9134948096885813,0.3875432525951557
0.9134948096885813,0.8027681660899654,0.9134948096885813,0.5259515570934256
0.9411764705882353,0.8858131487889274,0.7197231833910035,0.3875432525951557
0.5951557093425606,0.8858131487889274,0.5813148788927336,0.1384083044982699
0.9688581314878892,0.9688581314878892,0.8304498269896193,0.35986159169550175
0.9134948096885813,0.8027681660899654,0.6228373702422145,0.6643598615916955
0.4982698961937716,0.9134948096885813,0.5674740484429066,0.3737024221453287
0.9688581314878892,0.6643598615916955,0.9688581314878892,0.4429065743944637
0.9688581314878892,0.9688581314878892,0.9134948096885813,0.4982698961937716
0.8304498269896193,0.8581314878892734,0.8581314878892734,0.47058823529411764
0.7474048442906575,0.8027681660899654,0.6505190311418685,0.3044982698961938
0.9134948096885813,0.9134948096885813,0.9134948096885813,0.5121107266435986
0.8304498269896193,0.6643598615916955,0.4290657439446367,0.11072664359861592
0.8581314878892734,0.9688581314878892,0.9411764705882353,0.3875432525951557
0.9688581314878892,0.8581314878892734,0.8027681660899654,0.7750865051903114
0.7612456747404844,0.8027681660899654,0.5813148788927336,0.2629757785467128
0.9134948096885813,0.9134948096885813,0.9134948096885813,0.5951557093425606
0.9688581314878892,0.6643598615916955,0.8581314878892734,0.5674740484429066
0.5813148788927336,0.9688581314878892,0.7058823529411765,0.5259515570934256
0.9688581314878892,0.8581314878892734,0.8719723183391004,0.4013840830449827
0.7197231833910035,0.7750865051903114,0.7197231833910035,0.5121107266435986
0.8027681660899654,0.7474048442906575,0.7889273356401384,0.6366782006920415
0.8858131487889274,0.9688581314878892,0.8027681660899654,0.8858131487889274
0.7750865051903114,0.9134948096885813,0.5951557093425606,0.4429065743944637
0.9688581314878892,0.9134948096885813,0.9134948096885813,0.2491349480968858
0.9134948096885813,0.7750865051903114,0.8581314878892734,0.8581314878892734
0.8719723183391004,0.7474048442906575,0.8581314878892734,0.35986159169550175
0.9688581314878892,0.9688581314878892,0.9411764705882353,0.6782006920415224
0.7612456747404844,0.9134948096885813,0.8166089965397924,0.23529411764705882
0.7197231833910035,0.9134948096885813,0.4429065743944637,0.23529411764705882
0.7889273356401384,0.7750865051903114,0.7197231833910035,0.3875432525951557
0.4844290657439446,0.7474048442906575,0.41522491349480967,0.20761245674740483
0.9411764705882353,0.9688581314878892,0.8581314878892734,0.6782006920415224
0.9688581314878892,0.9134948096885813,0.9688581314878892,0.6643598615916955
0.9134948096885813,0.9134948096885813,0.8719723183391004,0.7058823529411765
0.9134948096885813,0.7197231833910035,0.9134948096885813,0.6366782006920415
0.8581314878892734,0.9134948096885813,0.7612456747404844,0.3875432525951557
0.9411764705882353,0.9688581314878892,0.8027681660899654,0.5121107266435986
0.8858131487889274,0.8304498269896193,0.9688581314878892,0.6228373702422145
0.41522491349480967,0.8304498269896193,0.6782006920415224,0.4844290657439446
